hilos,tiempo_total_ms,accuracy_final
1,2299984.478100,0.980800
2,1503992.652100,0.980800
4,1484523.874800,0.980800
8,1355679.148700,0.980800
